<?xml version="1.0" encoding="UTF-8"?>
<project-private xmlns="http://www.netbeans.org/ns/project-private/1">
    <editor-bookmarks xmlns="http://www.netbeans.org/ns/editor-bookmarks/2" lastBookmarkId="0"/>
    <open-files xmlns="http://www.netbeans.org/ns/projectui-open-files/2">
        <group>
            <file>file:/C:/Users/Igor/git/trab_final_TCP5/src/Actions/Play.java</file>
            <file>file:/C:/Users/Igor/git/trab_final_TCP5/src/GUI/Components/Menu/Actions/Actions.java</file>
            <file>file:/C:/Users/Igor/git/trab_final_TCP5/src/GUI/Components/EditorText/EditorText.java</file>
            <file>file:/C:/Users/Igor/git/trab_final_TCP5/src/PacoteMain/Main2.java</file>
            <file>file:/C:/Users/Igor/git/trab_final_TCP5/src/GUI/Components/Bottons/Bottons.java</file>
        </group>
    </open-files>
</project-private>
